,R^2,MSE,Times
RF_SKLearn,0.7054077600180776,246.2155450767492,22.18647861480713
DASK_RF,0.7087516765411752,243.42075241868002,34.06779193878174
DASK_XGBoost,0.0,520.3441782620172,14.090886354446411
XGBoostGCV,0.9719117383851462,23.475725783489576,189.46161103248596
